file_path,stem,sub_dir_name,rel_file_path,sub_dir_index,data,match_log_index,group_index,latitude,longitude,altitude,geoid_height,num_satellites,HDOP,mean_curve_freq,mean_curve_amp
O:\OneDrive - nagaokaut.ac.jp\01_Research\05_Papers\21_202406_S&F_Golbasi\01_dataset\01_microtremor\202406\A\20240613160000.200.t3w,20240613160000.200,A,A\20240613160000.200.t3w,0,<cv374.t3w.T3WHandler object at 0x0000018B8FB485F0>,0,0,37.78442724,37.637850924731175,901.4387096774193,26.899999999999995,12,0.6899999999999997,0.21141212680951516,2.807722595005211
O:\OneDrive - nagaokaut.ac.jp\01_Research\05_Papers\21_202406_S&F_Golbasi\01_dataset\01_microtremor\202406\A\20240613160500.200.t3w,20240613160500.200,A,A\20240613160500.200.t3w,0,<cv374.t3w.T3WHandler object at 0x0000018B4B421AF0>,0,0,37.78442724,37.637850924731175,901.4387096774193,26.899999999999995,12,0.6899999999999997,0.2868661751876924,2.4073175879754873
O:\OneDrive - nagaokaut.ac.jp\01_Research\05_Papers\21_202406_S&F_Golbasi\01_dataset\01_microtremor\202406\A\20240613161000.200.t3w,20240613161000.200,A,A\20240613161000.200.t3w,0,<cv374.t3w.T3WHandler object at 0x0000018B8FB02F60>,0,0,37.78442724,37.637850924731175,901.4387096774193,26.899999999999995,12,0.6899999999999997,1.1809371431731135,2.6102845770540344
O:\OneDrive - nagaokaut.ac.jp\01_Research\05_Papers\21_202406_S&F_Golbasi\01_dataset\01_microtremor\202406\A\20240613161500.200.t3w,20240613161500.200,A,A\20240613161500.200.t3w,0,<cv374.t3w.T3WHandler object at 0x0000018B8F931250>,0,0,37.78442724,37.637850924731175,901.4387096774193,26.899999999999995,12,0.6899999999999997,0.7788925241656328,2.602688400324903
O:\OneDrive - nagaokaut.ac.jp\01_Research\05_Papers\21_202406_S&F_Golbasi\01_dataset\01_microtremor\202406\A\20240613162000.200.t3w,20240613162000.200,A,A\20240613162000.200.t3w,0,<cv374.t3w.T3WHandler object at 0x0000018B8FB1F470>,0,0,37.78442724,37.637850924731175,901.4387096774193,26.899999999999995,12,0.6899999999999997,0.2173601099231803,3.2168091633952782
O:\OneDrive - nagaokaut.ac.jp\01_Research\05_Papers\21_202406_S&F_Golbasi\01_dataset\01_microtremor\202406\A\20240613162500.200.t3w,20240613162500.200,A,A\20240613162500.200.t3w,0,<cv374.t3w.T3WHandler object at 0x0000018B7FAC9730>,0,0,37.78442724,37.637850924731175,901.4387096774193,26.899999999999995,12,0.6899999999999997,0.4002015261562354,2.661914371388447
O:\OneDrive - nagaokaut.ac.jp\01_Research\05_Papers\21_202406_S&F_Golbasi\01_dataset\01_microtremor\202406\A\20240613163000.200.t3w,20240613163000.200,A,A\20240613163000.200.t3w,0,<cv374.t3w.T3WHandler object at 0x0000018B4B2ED0A0>,0,0,37.78442724,37.637850924731175,901.4387096774193,26.899999999999995,12,0.6899999999999997,0.3117663168601956,3.2111039253796534
O:\OneDrive - nagaokaut.ac.jp\01_Research\05_Papers\21_202406_S&F_Golbasi\01_dataset\01_microtremor\202406\A\20240613163500.200.t3w,20240613163500.200,A,A\20240613163500.200.t3w,0,<cv374.t3w.T3WHandler object at 0x0000018B8FC01310>,0,0,37.78442724,37.637850924731175,901.4387096774193,26.899999999999995,12,0.6899999999999997,0.36823824417247053,2.9719534753188404
O:\OneDrive - nagaokaut.ac.jp\01_Research\05_Papers\21_202406_S&F_Golbasi\01_dataset\01_microtremor\202406\A\20240613170500.200.t3w,20240613170500.200,A,A\20240613170500.200.t3w,0,<cv374.t3w.T3WHandler object at 0x0000018B8FB4E750>,1,1,37.78433302546296,37.63407530497685,900.8940972222222,26.900000000000002,11.385416666666666,0.7800000000000001,0.4114610123340793,2.2875280613966353
O:\OneDrive - nagaokaut.ac.jp\01_Research\05_Papers\21_202406_S&F_Golbasi\01_dataset\01_microtremor\202406\A\20240613171000.200.t3w,20240613171000.200,A,A\20240613171000.200.t3w,0,<cv374.t3w.T3WHandler object at 0x0000018B8FC62390>,1,1,37.78433302546296,37.63407530497685,900.8940972222222,26.900000000000002,11.385416666666666,0.7800000000000001,0.4726922035423077,2.7441328438220984
O:\OneDrive - nagaokaut.ac.jp\01_Research\05_Papers\21_202406_S&F_Golbasi\01_dataset\01_microtremor\202406\A\20240613171500.200.t3w,20240613171500.200,A,A\20240613171500.200.t3w,0,<cv374.t3w.T3WHandler object at 0x0000018B8FC60CE0>,1,1,37.78433302546296,37.63407530497685,900.8940972222222,26.900000000000002,11.385416666666666,0.7800000000000001,0.4114610123340793,3.0856303211721796
O:\OneDrive - nagaokaut.ac.jp\01_Research\05_Papers\21_202406_S&F_Golbasi\01_dataset\01_microtremor\202406\A\20240613172000.200.t3w,20240613172000.200,A,A\20240613172000.200.t3w,0,<cv374.t3w.T3WHandler object at 0x0000018B8FC60EF0>,1,1,37.78433302546296,37.63407530497685,900.8940972222222,26.900000000000002,11.385416666666666,0.7800000000000001,0.4114610123340793,4.1438412676878045
O:\OneDrive - nagaokaut.ac.jp\01_Research\05_Papers\21_202406_S&F_Golbasi\01_dataset\01_microtremor\202406\A\20240613172500.200.t3w,20240613172500.200,A,A\20240613172500.200.t3w,0,<cv374.t3w.T3WHandler object at 0x0000018B8FC63080>,1,1,37.78433302546296,37.63407530497685,900.8940972222222,26.900000000000002,11.385416666666666,0.7800000000000001,0.5137221466089315,2.7818943419995557
O:\OneDrive - nagaokaut.ac.jp\01_Research\05_Papers\21_202406_S&F_Golbasi\01_dataset\01_microtremor\202406\A\20240613173000.200.t3w,20240613173000.200,A,A\20240613173000.200.t3w,0,<cv374.t3w.T3WHandler object at 0x0000018B8FC62E70>,1,1,37.78433302546296,37.63407530497685,900.8940972222222,26.900000000000002,11.385416666666666,0.7800000000000001,0.35816153387398175,2.7456153947982345
O:\OneDrive - nagaokaut.ac.jp\01_Research\05_Papers\21_202406_S&F_Golbasi\01_dataset\01_microtremor\202406\A\20240613173500.200.t3w,20240613173500.200,A,A\20240613173500.200.t3w,0,<cv374.t3w.T3WHandler object at 0x0000018B8FC60AD0>,1,1,37.78433302546296,37.63407530497685,900.8940972222222,26.900000000000002,11.385416666666666,0.7800000000000001,0.3892501518655177,2.4693279310794343
O:\OneDrive - nagaokaut.ac.jp\01_Research\05_Papers\21_202406_S&F_Golbasi\01_dataset\01_microtremor\202406\A\20240613174000.200.t3w,20240613174000.200,A,A\20240613174000.200.t3w,0,<cv374.t3w.T3WHandler object at 0x0000018B8F911D90>,1,1,37.78433302546296,37.63407530497685,900.8940972222222,26.900000000000002,11.385416666666666,0.7800000000000001,1.0866180952802076,2.331351884734843
O:\OneDrive - nagaokaut.ac.jp\01_Research\05_Papers\21_202406_S&F_Golbasi\01_dataset\01_microtremor\202406\A\20240613174500.200.t3w,20240613174500.200,A,A\20240613174500.200.t3w,0,<cv374.t3w.T3WHandler object at 0x0000018B8F9121E0>,1,1,37.78433302546296,37.63407530497685,900.8940972222222,26.900000000000002,11.385416666666666,0.7800000000000001,1.1171895964484122,2.134663576706911
O:\OneDrive - nagaokaut.ac.jp\01_Research\05_Papers\21_202406_S&F_Golbasi\01_dataset\01_microtremor\202406\A\20240613181500.200.t3w,20240613181500.200,A,A\20240613181500.200.t3w,0,<cv374.t3w.T3WHandler object at 0x0000018B8F9123F0>,2,2,37.780578250000005,37.63766470833333,908.1624999999999,26.9,10,0.81,0.23622708692908512,1.8811326202520247
O:\OneDrive - nagaokaut.ac.jp\01_Research\05_Papers\21_202406_S&F_Golbasi\01_dataset\01_microtremor\202406\A\20240613182000.200.t3w,20240613182000.200,A,A\20240613182000.200.t3w,0,<cv374.t3w.T3WHandler object at 0x0000018B8F912600>,2,2,37.780578250000005,37.63766470833333,908.1624999999999,26.9,10,0.81,0.3483605692158403,2.2023051987754654
O:\OneDrive - nagaokaut.ac.jp\01_Research\05_Papers\21_202406_S&F_Golbasi\01_dataset\01_microtremor\202406\A\20240613182500.200.t3w,20240613182500.200,A,A\20240613182500.200.t3w,0,<cv374.t3w.T3WHandler object at 0x0000018B8F9108C0>,2,2,37.780578250000005,37.63766470833333,908.1624999999999,26.9,10,0.81,0.256731727908693,2.165148729851459
O:\OneDrive - nagaokaut.ac.jp\01_Research\05_Papers\21_202406_S&F_Golbasi\01_dataset\01_microtremor\202406\A\20240613183000.200.t3w,20240613183000.200,A,A\20240613183000.200.t3w,0,<cv374.t3w.T3WHandler object at 0x0000018B8F911940>,2,2,37.780578250000005,37.63766470833333,908.1624999999999,26.9,10,0.81,0.2713810030832927,2.047985377554273
O:\OneDrive - nagaokaut.ac.jp\01_Research\05_Papers\21_202406_S&F_Golbasi\01_dataset\01_microtremor\202406\A\20240613183500.200.t3w,20240613183500.200,A,A\20240613183500.200.t3w,0,<cv374.t3w.T3WHandler object at 0x0000018B8FE619D0>,2,2,37.780578250000005,37.63766470833333,908.1624999999999,26.9,10,0.81,0.22347543681061258,2.496043874364287
O:\OneDrive - nagaokaut.ac.jp\01_Research\05_Papers\21_202406_S&F_Golbasi\01_dataset\01_microtremor\202406\A\20240613184000.200.t3w,20240613184000.200,A,A\20240613184000.200.t3w,0,<cv374.t3w.T3WHandler object at 0x0000018B8FE612E0>,2,2,37.780578250000005,37.63766470833333,908.1624999999999,26.9,10,0.81,1.248322165332904,1.9487547715782656
O:\OneDrive - nagaokaut.ac.jp\01_Research\05_Papers\21_202406_S&F_Golbasi\01_dataset\01_microtremor\202406\A\20240613184500.200.t3w,20240613184500.200,A,A\20240613184500.200.t3w,0,<cv374.t3w.T3WHandler object at 0x0000018B8F9EC380>,2,2,37.780578250000005,37.63766470833333,908.1624999999999,26.9,10,0.81,1.3195522195824423,2.0950445362222756
O:\OneDrive - nagaokaut.ac.jp\01_Research\05_Papers\21_202406_S&F_Golbasi\01_dataset\01_microtremor\202406\A\20240613203500.200.t3w,20240613203500.200,A,A\20240613203500.200.t3w,0,<cv374.t3w.T3WHandler object at 0x0000018B8FE62480>,3,3,37.794756280254774,37.64198960562633,887.7710191082804,27,9,0.8900000000000001,0.36823824417247053,5.07622905294541
O:\OneDrive - nagaokaut.ac.jp\01_Research\05_Papers\21_202406_S&F_Golbasi\01_dataset\01_microtremor\202406\A\20240613204000.200.t3w,20240613204000.200,A,A\20240613204000.200.t3w,0,<cv374.t3w.T3WHandler object at 0x0000018B8FE620C0>,3,3,37.794756280254774,37.64198960562633,887.7710191082804,27,9,0.8900000000000001,16.029577030281644,4.166126102216687
O:\OneDrive - nagaokaut.ac.jp\01_Research\05_Papers\21_202406_S&F_Golbasi\01_dataset\01_microtremor\202406\A\20240613204500.200.t3w,20240613204500.200,A,A\20240613204500.200.t3w,0,<cv374.t3w.T3WHandler object at 0x0000018B8FE60C50>,3,3,37.794756280254774,37.64198960562633,887.7710191082804,27,9,0.8900000000000001,0.37859845808828346,6.2984974729277825
O:\OneDrive - nagaokaut.ac.jp\01_Research\05_Papers\21_202406_S&F_Golbasi\01_dataset\01_microtremor\202406\A\20240613205000.200.t3w,20240613205000.200,A,A\20240613205000.200.t3w,0,<cv374.t3w.T3WHandler object at 0x0000018B8FDB2690>,3,3,37.794756280254774,37.64198960562633,887.7710191082804,27,9,0.8900000000000001,0.4002015261562354,6.189721950361925
O:\OneDrive - nagaokaut.ac.jp\01_Research\05_Papers\21_202406_S&F_Golbasi\01_dataset\01_microtremor\202406\A\20240613205500.200.t3w,20240613205500.200,A,A\20240613205500.200.t3w,0,<cv374.t3w.T3WHandler object at 0x0000018B8FDBABA0>,3,3,37.794756280254774,37.64198960562633,887.7710191082804,27,9,0.8900000000000001,16.480561819726642,4.909127962256213
O:\OneDrive - nagaokaut.ac.jp\01_Research\05_Papers\21_202406_S&F_Golbasi\01_dataset\01_microtremor\202406\A\20240613210000.200.t3w,20240613210000.200,A,A\20240613210000.200.t3w,0,<cv374.t3w.T3WHandler object at 0x0000018B8FDB8E90>,3,3,37.794756280254774,37.64198960562633,887.7710191082804,27,9,0.8900000000000001,16.029577030281644,4.910038651229327
O:\OneDrive - nagaokaut.ac.jp\01_Research\05_Papers\21_202406_S&F_Golbasi\01_dataset\01_microtremor\202406\A\20240613210500.200.t3w,20240613210500.200,A,A\20240613210500.200.t3w,0,<cv374.t3w.T3WHandler object at 0x0000018B8FDBF9B0>,3,3,37.794756280254774,37.64198960562633,887.7710191082804,27,9,0.8900000000000001,0.4114610123340793,3.5229136151281337
O:\OneDrive - nagaokaut.ac.jp\01_Research\05_Papers\21_202406_S&F_Golbasi\01_dataset\01_microtremor\202406\A\20240613213000.200.t3w,20240613213000.200,A,A\20240613213000.200.t3w,0,<cv374.t3w.T3WHandler object at 0x0000018B8FDC3AA0>,4,4,37.79320892424242,37.6427821,886.3269972451791,27,9,0.8800000000000001,0.37859845808828346,3.101606626044598
O:\OneDrive - nagaokaut.ac.jp\01_Research\05_Papers\21_202406_S&F_Golbasi\01_dataset\01_microtremor\202406\A\20240613213500.200.t3w,20240613213500.200,A,A\20240613213500.200.t3w,0,<cv374.t3w.T3WHandler object at 0x0000018B8FDC3890>,4,4,37.79320892424242,37.6427821,886.3269972451791,27,9,0.8800000000000001,0.3892501518655177,2.898235921231321
O:\OneDrive - nagaokaut.ac.jp\01_Research\05_Papers\21_202406_S&F_Golbasi\01_dataset\01_microtremor\202406\A\20240613214000.200.t3w,20240613214000.200,A,A\20240613214000.200.t3w,0,<cv374.t3w.T3WHandler object at 0x0000018B8FDCBB00>,4,4,37.79320892424242,37.6427821,886.3269972451791,27,9,0.8800000000000001,0.35816153387398175,2.476832949645205
O:\OneDrive - nagaokaut.ac.jp\01_Research\05_Papers\21_202406_S&F_Golbasi\01_dataset\01_microtremor\202406\A\20240613214500.200.t3w,20240613214500.200,A,A\20240613214500.200.t3w,0,<cv374.t3w.T3WHandler object at 0x0000018B8FDCF0B0>,4,4,37.79320892424242,37.6427821,886.3269972451791,27,9,0.8800000000000001,0.8948026970573536,2.1781781679785746
O:\OneDrive - nagaokaut.ac.jp\01_Research\05_Papers\21_202406_S&F_Golbasi\01_dataset\01_microtremor\202406\A\20240613215000.200.t3w,20240613215000.200,A,A\20240613215000.200.t3w,0,<cv374.t3w.T3WHandler object at 0x0000018B8FDCF800>,4,4,37.79320892424242,37.6427821,886.3269972451791,27,9,0.8800000000000001,0.4002015261562354,2.2850114613384616
O:\OneDrive - nagaokaut.ac.jp\01_Research\05_Papers\21_202406_S&F_Golbasi\01_dataset\01_microtremor\202406\A\20240613215500.200.t3w,20240613215500.200,A,A\20240613215500.200.t3w,0,<cv374.t3w.T3WHandler object at 0x0000018B8FDD2F60>,4,4,37.79320892424242,37.6427821,886.3269972451791,27,9,0.8800000000000001,0.9199775600724472,2.3308297016436548
O:\OneDrive - nagaokaut.ac.jp\01_Research\05_Papers\21_202406_S&F_Golbasi\01_dataset\01_microtremor\202406\A\20240613221500.200.t3w,20240613221500.200,A,A\20240613221500.200.t3w,0,<cv374.t3w.T3WHandler object at 0x0000018B4B2D5580>,5,5,37.79213110795262,37.643286677495766,889.8412182741116,27,12,0.7200000000000001,0.37859845808828346,2.3864904324979306
O:\OneDrive - nagaokaut.ac.jp\01_Research\05_Papers\21_202406_S&F_Golbasi\01_dataset\01_microtremor\202406\A\20240613222000.200.t3w,20240613222000.200,A,A\20240613222000.200.t3w,0,<cv374.t3w.T3WHandler object at 0x0000018B8FDD3830>,5,5,37.79213110795262,37.643286677495766,889.8412182741116,27,12,0.7200000000000001,1.056883172510736,2.612979719341955
O:\OneDrive - nagaokaut.ac.jp\01_Research\05_Papers\21_202406_S&F_Golbasi\01_dataset\01_microtremor\202406\A\20240613222500.200.t3w,20240613222500.200,A,A\20240613222500.200.t3w,0,<cv374.t3w.T3WHandler object at 0x0000018B8FDE31D0>,5,5,37.79213110795262,37.643286677495766,889.8412182741116,27,12,0.7200000000000001,1.056883172510736,2.9348100776103014
O:\OneDrive - nagaokaut.ac.jp\01_Research\05_Papers\21_202406_S&F_Golbasi\01_dataset\01_microtremor\202406\A\20240613223000.200.t3w,20240613223000.200,A,A\20240613223000.200.t3w,0,<cv374.t3w.T3WHandler object at 0x0000018B8FDDCC80>,5,5,37.79213110795262,37.643286677495766,889.8412182741116,27,12,0.7200000000000001,0.37859845808828346,2.770383960861173
O:\OneDrive - nagaokaut.ac.jp\01_Research\05_Papers\21_202406_S&F_Golbasi\01_dataset\01_microtremor\202406\A\20240613223500.200.t3w,20240613223500.200,A,A\20240613223500.200.t3w,0,<cv374.t3w.T3WHandler object at 0x0000018B8FDDFCB0>,5,5,37.79213110795262,37.643286677495766,889.8412182741116,27,12,0.7200000000000001,0.36823824417247053,2.8789385030434995
O:\OneDrive - nagaokaut.ac.jp\01_Research\05_Papers\21_202406_S&F_Golbasi\01_dataset\01_microtremor\202406\A\20240613224000.200.t3w,20240613224000.200,A,A\20240613224000.200.t3w,0,<cv374.t3w.T3WHandler object at 0x0000018B8FDE74D0>,5,5,37.79213110795262,37.643286677495766,889.8412182741116,27,12,0.7200000000000001,0.37859845808828346,2.7137654313525594
O:\OneDrive - nagaokaut.ac.jp\01_Research\05_Papers\21_202406_S&F_Golbasi\01_dataset\01_microtremor\202406\A\20240613224500.200.t3w,20240613224500.200,A,A\20240613224500.200.t3w,0,<cv374.t3w.T3WHandler object at 0x0000018B8FDE4EC0>,5,5,37.79213110795262,37.643286677495766,889.8412182741116,27,12,0.7200000000000001,0.36823824417247053,2.7165369599735483
O:\OneDrive - nagaokaut.ac.jp\01_Research\05_Papers\21_202406_S&F_Golbasi\01_dataset\01_microtremor\202406\A\20240613225000.200.t3w,20240613225000.200,A,A\20240613225000.200.t3w,0,<cv374.t3w.T3WHandler object at 0x0000018B8FDEEC30>,5,5,37.79213110795262,37.643286677495766,889.8412182741116,27,12,0.7200000000000001,0.37859845808828346,2.982296501984765
O:\OneDrive - nagaokaut.ac.jp\01_Research\05_Papers\21_202406_S&F_Golbasi\01_dataset\01_microtremor\202406\A\20240613232000.200.t3w,20240613232000.200,A,A\20240613232000.200.t3w,0,<cv374.t3w.T3WHandler object at 0x0000018B8FDF0BF0>,6,6,37.78721315909091,37.64186077651515,901.5431818181817,26.9,11,0.7800000000000001,0.8233366254494406,1.8229234834161445
O:\OneDrive - nagaokaut.ac.jp\01_Research\05_Papers\21_202406_S&F_Golbasi\01_dataset\01_microtremor\202406\A\20240613232500.200.t3w,20240613232500.200,A,A\20240613232500.200.t3w,0,<cv374.t3w.T3WHandler object at 0x0000018B8FDEF740>,6,6,37.78721315909091,37.64186077651515,901.5431818181817,26.9,11,0.7800000000000001,0.35816153387398175,1.8743014712444914
O:\OneDrive - nagaokaut.ac.jp\01_Research\05_Papers\21_202406_S&F_Golbasi\01_dataset\01_microtremor\202406\A\20240613233000.200.t3w,20240613233000.200,A,A\20240613233000.200.t3w,0,<cv374.t3w.T3WHandler object at 0x0000018B8FDF7740>,6,6,37.78721315909091,37.64186077651515,901.5431818181817,26.9,11,0.7800000000000001,0.8948026970573536,1.757194709730398
O:\OneDrive - nagaokaut.ac.jp\01_Research\05_Papers\21_202406_S&F_Golbasi\01_dataset\01_microtremor\202406\A\20240613233500.200.t3w,20240613233500.200,A,A\20240613233500.200.t3w,0,<cv374.t3w.T3WHandler object at 0x0000018B8FDF50A0>,6,6,37.78721315909091,37.64186077651515,901.5431818181817,26.9,11,0.7800000000000001,0.8948026970573536,2.030783046739944
O:\OneDrive - nagaokaut.ac.jp\01_Research\05_Papers\21_202406_S&F_Golbasi\01_dataset\01_microtremor\202406\A\20240613234000.200.t3w,20240613234000.200,A,A\20240613234000.200.t3w,0,<cv374.t3w.T3WHandler object at 0x0000018B8FDF8B00>,6,6,37.78721315909091,37.64186077651515,901.5431818181817,26.9,11,0.7800000000000001,0.8233366254494406,2.218193264107614
O:\OneDrive - nagaokaut.ac.jp\01_Research\05_Papers\21_202406_S&F_Golbasi\01_dataset\01_microtremor\202406\A\20240613234500.200.t3w,20240613234500.200,A,A\20240613234500.200.t3w,0,<cv374.t3w.T3WHandler object at 0x0000018B8FDA6D50>,6,6,37.78721315909091,37.64186077651515,901.5431818181817,26.9,11,0.7800000000000001,0.9724720629597227,1.8097987079385323
O:\OneDrive - nagaokaut.ac.jp\01_Research\05_Papers\21_202406_S&F_Golbasi\01_dataset\01_microtremor\202406\A\20240613235000.200.t3w,20240613235000.200,A,A\20240613235000.200.t3w,0,<cv374.t3w.T3WHandler object at 0x0000018B8FDA7650>,6,6,37.78721315909091,37.64186077651515,901.5431818181817,26.9,11,0.7800000000000001,1.0866180952802076,2.0945385636813394
O:\OneDrive - nagaokaut.ac.jp\01_Research\05_Papers\21_202406_S&F_Golbasi\01_dataset\01_microtremor\202406\A\20240613235500.200.t3w,20240613235500.200,A,A\20240613235500.200.t3w,0,<cv374.t3w.T3WHandler object at 0x0000018B8FD8EDB0>,6,6,37.78721315909091,37.64186077651515,901.5431818181817,26.9,11,0.7800000000000001,0.9998321179210313,2.2338629111841715
O:\OneDrive - nagaokaut.ac.jp\01_Research\05_Papers\21_202406_S&F_Golbasi\01_dataset\01_microtremor\202406\A\20240614000000.200.t3w,20240614000000.200,A,A\20240614000000.200.t3w,0,<cv374.t3w.T3WHandler object at 0x0000018B8FD7A5A0>,7,6,37.787257716666666,37.64188425,899.3315384615385,26.900000000000002,10,0.9500000000000001,0.7575784036366429,2.012565003479849
O:\OneDrive - nagaokaut.ac.jp\01_Research\05_Papers\21_202406_S&F_Golbasi\01_dataset\01_microtremor\202406\A\20240614000500.200.t3w,20240614000500.200,A,A\20240614000500.200.t3w,0,<cv374.t3w.T3WHandler object at 0x0000018B8FD797F0>,7,6,37.787257716666666,37.64188425,899.3315384615385,26.900000000000002,10,0.9500000000000001,0.9998321179210313,1.9369341294725084
O:\OneDrive - nagaokaut.ac.jp\01_Research\05_Papers\21_202406_S&F_Golbasi\01_dataset\01_microtremor\202406\A\20240614001000.200.t3w,20240614001000.200,A,A\20240614001000.200.t3w,0,<cv374.t3w.T3WHandler object at 0x0000018B8FD56210>,7,6,37.787257716666666,37.64188425,899.3315384615385,26.900000000000002,10,0.9500000000000001,0.9724720629597227,2.22422733692993
O:\OneDrive - nagaokaut.ac.jp\01_Research\05_Papers\21_202406_S&F_Golbasi\01_dataset\01_microtremor\202406\A\20240614001500.200.t3w,20240614001500.200,A,A\20240614001500.200.t3w,0,<cv374.t3w.T3WHandler object at 0x0000018B8FD56FC0>,7,6,37.787257716666666,37.64188425,899.3315384615385,26.900000000000002,10,0.9500000000000001,0.9998321179210313,2.008704299074032
O:\OneDrive - nagaokaut.ac.jp\01_Research\05_Papers\21_202406_S&F_Golbasi\01_dataset\01_microtremor\202406\B\20240612163000.201.t3w,20240612163000.201,B,B\20240612163000.201.t3w,1,<cv374.t3w.T3WHandler object at 0x0000018B8FD45520>,8,7,37.791122076438135,37.64454227698975,891.721513,27,11,0.7199999999999999,0.23622708692908512,16.716539772364438
O:\OneDrive - nagaokaut.ac.jp\01_Research\05_Papers\21_202406_S&F_Golbasi\01_dataset\01_microtremor\202406\B\20240612163500.201.t3w,20240612163500.201,B,B\20240612163500.201.t3w,1,<cv374.t3w.T3WHandler object at 0x0000018B8FD327B0>,8,7,37.791122076438135,37.64454227698975,891.721513,27,11,0.7199999999999999,0.35816153387398175,4.616660556031691
O:\OneDrive - nagaokaut.ac.jp\01_Research\05_Papers\21_202406_S&F_Golbasi\01_dataset\01_microtremor\202406\B\20240612164000.201.t3w,20240612164000.201,B,B\20240612164000.201.t3w,1,<cv374.t3w.T3WHandler object at 0x0000018B8FD31A60>,8,7,37.791122076438135,37.64454227698975,891.721513,27,11,0.7199999999999999,0.30323494103070514,3.759896046801924
O:\OneDrive - nagaokaut.ac.jp\01_Research\05_Papers\21_202406_S&F_Golbasi\01_dataset\01_microtremor\202406\B\20240612164500.201.t3w,20240612164500.201,B,B\20240612164500.201.t3w,1,<cv374.t3w.T3WHandler object at 0x0000018B8FD1C770>,8,7,37.791122076438135,37.64454227698975,891.721513,27,11,0.7199999999999999,0.3295559005749158,3.07027963427735
O:\OneDrive - nagaokaut.ac.jp\01_Research\05_Papers\21_202406_S&F_Golbasi\01_dataset\01_microtremor\202406\B\20240612165000.201.t3w,20240612165000.201,B,B\20240612165000.201.t3w,1,<cv374.t3w.T3WHandler object at 0x0000018B8FCFE720>,8,7,37.791122076438135,37.64454227698975,891.721513,27,11,0.7199999999999999,1.214162267445301,2.0524875160340827
O:\OneDrive - nagaokaut.ac.jp\01_Research\05_Papers\21_202406_S&F_Golbasi\01_dataset\01_microtremor\202406\B\20240612165500.201.t3w,20240612165500.201,B,B\20240612165500.201.t3w,1,<cv374.t3w.T3WHandler object at 0x0000018B8FCFE930>,8,7,37.791122076438135,37.64454227698975,891.721513,27,11,0.7199999999999999,1.3195522195824423,2.9866554907530336
O:\OneDrive - nagaokaut.ac.jp\01_Research\05_Papers\21_202406_S&F_Golbasi\01_dataset\01_microtremor\202406\B\20240612170000.201.t3w,20240612170000.201,B,B\20240612170000.201.t3w,1,<cv374.t3w.T3WHandler object at 0x0000018B8FD0DE80>,8,7,37.791122076438135,37.64454227698975,891.721513,27,11,0.7199999999999999,0.3892501518655177,4.056204608423877
O:\OneDrive - nagaokaut.ac.jp\01_Research\05_Papers\21_202406_S&F_Golbasi\01_dataset\01_microtremor\202406\B\20240612170500.201.t3w,20240612170500.201,B,B\20240612170500.201.t3w,1,<cv374.t3w.T3WHandler object at 0x0000018B8FCC0BF0>,8,7,37.791122076438135,37.64454227698975,891.721513,27,11,0.7199999999999999,1.3948467058907026,2.6465865792624323
O:\OneDrive - nagaokaut.ac.jp\01_Research\05_Papers\21_202406_S&F_Golbasi\01_dataset\01_microtremor\202406\B\20240612174000.201.t3w,20240612174000.201,B,B\20240612174000.201.t3w,1,<cv374.t3w.T3WHandler object at 0x0000018B8FCC08C0>,10,8,37.78843386746988,37.64462635542169,895.5421686746988,26.900000000000002,9.325301204819278,0.9200000000000002,0.8703167353321769,1.8304851729383342
O:\OneDrive - nagaokaut.ac.jp\01_Research\05_Papers\21_202406_S&F_Golbasi\01_dataset\01_microtremor\202406\B\20240612174500.201.t3w,20240612174500.201,B,B\20240612174500.201.t3w,1,<cv374.t3w.T3WHandler object at 0x0000018B8FDAC650>,10,8,37.78843386746988,37.64462635542169,895.5421686746988,26.900000000000002,9.325301204819278,0.9200000000000002,1.0866180952802076,2.314376918280012
O:\OneDrive - nagaokaut.ac.jp\01_Research\05_Papers\21_202406_S&F_Golbasi\01_dataset\01_microtremor\202406\B\20240612175000.201.t3w,20240612175000.201,B,B\20240612175000.201.t3w,1,<cv374.t3w.T3WHandler object at 0x0000018B8FCB99A0>,10,8,37.78843386746988,37.64462635542169,895.5421686746988,26.900000000000002,9.325301204819278,0.9200000000000002,0.7166839623341287,2.0406272677380493
O:\OneDrive - nagaokaut.ac.jp\01_Research\05_Papers\21_202406_S&F_Golbasi\01_dataset\01_microtremor\202406\B\20240612175500.201.t3w,20240612175500.201,B,B\20240612175500.201.t3w,1,<cv374.t3w.T3WHandler object at 0x0000018B8FCCDD00>,10,8,37.78843386746988,37.64462635542169,895.5421686746988,26.900000000000002,9.325301204819278,0.9200000000000002,0.8233366254494406,2.0229857921323546
O:\OneDrive - nagaokaut.ac.jp\01_Research\05_Papers\21_202406_S&F_Golbasi\01_dataset\01_microtremor\202406\B\20240612180000.201.t3w,20240612180000.201,B,B\20240612180000.201.t3w,1,<cv374.t3w.T3WHandler object at 0x0000018B8FCA70B0>,10,8,37.78843386746988,37.64462635542169,895.5421686746988,26.900000000000002,9.325301204819278,0.9200000000000002,0.5740214055635825,2.3030556045503485
O:\OneDrive - nagaokaut.ac.jp\01_Research\05_Papers\21_202406_S&F_Golbasi\01_dataset\01_microtremor\202406\B\20240612180500.201.t3w,20240612180500.201,B,B\20240612180500.201.t3w,1,<cv374.t3w.T3WHandler object at 0x0000018B8FCA33B0>,10,8,37.78843386746988,37.64462635542169,895.5421686746988,26.900000000000002,9.325301204819278,0.9200000000000002,0.8233366254494406,2.443726805459073
O:\OneDrive - nagaokaut.ac.jp\01_Research\05_Papers\21_202406_S&F_Golbasi\01_dataset\01_microtremor\202406\B\20240612181000.201.t3w,20240612181000.201,B,B\20240612181000.201.t3w,1,<cv374.t3w.T3WHandler object at 0x0000018B8FC815E0>,10,8,37.78843386746988,37.64462635542169,895.5421686746988,26.900000000000002,9.325301204819278,0.9200000000000002,0.9458607062989269,2.0434223409842676
O:\OneDrive - nagaokaut.ac.jp\01_Research\05_Papers\21_202406_S&F_Golbasi\01_dataset\01_microtremor\202406\B\20240612181500.201.t3w,20240612181500.201,B,B\20240612181500.201.t3w,1,<cv374.t3w.T3WHandler object at 0x0000018B8FC49430>,10,8,37.78843386746988,37.64462635542169,895.5421686746988,26.900000000000002,9.325301204819278,0.9200000000000002,0.8703167353321769,2.3313140210787737
O:\OneDrive - nagaokaut.ac.jp\01_Research\05_Papers\21_202406_S&F_Golbasi\01_dataset\01_microtremor\202406\B\20240612182000.201.t3w,20240612182000.201,B,B\20240612182000.201.t3w,1,<cv374.t3w.T3WHandler object at 0x0000018B8FC8C170>,10,8,37.78843386746988,37.64462635542169,895.5421686746988,26.900000000000002,9.325301204819278,0.9200000000000002,0.9458607062989269,2.066231730957575
O:\OneDrive - nagaokaut.ac.jp\01_Research\05_Papers\21_202406_S&F_Golbasi\01_dataset\01_microtremor\202406\B\20240612182500.201.t3w,20240612182500.201,B,B\20240612182500.201.t3w,1,<cv374.t3w.T3WHandler object at 0x0000018B8FC658B0>,10,8,37.78843386746988,37.64462635542169,895.5421686746988,26.900000000000002,9.325301204819278,0.9200000000000002,1.1171895964484122,1.8435145578784093
O:\OneDrive - nagaokaut.ac.jp\01_Research\05_Papers\21_202406_S&F_Golbasi\01_dataset\01_microtremor\202406\B\20240612193500.201.t3w,20240612193500.201,B,B\20240612193500.201.t3w,1,<cv374.t3w.T3WHandler object at 0x0000018B8FC59970>,11,9,37.78727988888889,37.65218238888889,915.8333333333334,26.899999999999995,9,0.96,0.9998321179210313,3.0559599340718755
O:\OneDrive - nagaokaut.ac.jp\01_Research\05_Papers\21_202406_S&F_Golbasi\01_dataset\01_microtremor\202406\B\20240612194000.201.t3w,20240612194000.201,B,B\20240612194000.201.t3w,1,<cv374.t3w.T3WHandler object at 0x0000018B8FC7D3A0>,11,9,37.78727988888889,37.65218238888889,915.8333333333334,26.899999999999995,9,0.96,1.056883172510736,2.3588163319675735
O:\OneDrive - nagaokaut.ac.jp\01_Research\05_Papers\21_202406_S&F_Golbasi\01_dataset\01_microtremor\202406\B\20240612194500.201.t3w,20240612194500.201,B,B\20240612194500.201.t3w,1,<cv374.t3w.T3WHandler object at 0x0000018B8FC794F0>,11,9,37.78727988888889,37.65218238888889,915.8333333333334,26.899999999999995,9,0.96,0.8948026970573536,3.345919063289474
O:\OneDrive - nagaokaut.ac.jp\01_Research\05_Papers\21_202406_S&F_Golbasi\01_dataset\01_microtremor\202406\B\20240612195000.201.t3w,20240612195000.201,B,B\20240612195000.201.t3w,1,<cv374.t3w.T3WHandler object at 0x0000018B8FBAA030>,11,9,37.78727988888889,37.65218238888889,915.8333333333334,26.899999999999995,9,0.96,0.8465008233549265,2.339965986206033
O:\OneDrive - nagaokaut.ac.jp\01_Research\05_Papers\21_202406_S&F_Golbasi\01_dataset\01_microtremor\202406\B\20240612195500.201.t3w,20240612195500.201,B,B\20240612195500.201.t3w,1,<cv374.t3w.T3WHandler object at 0x0000018B8FBDF3E0>,11,9,37.78727988888889,37.65218238888889,915.8333333333334,26.899999999999995,9,0.96,0.8465008233549265,2.520823210251723
O:\OneDrive - nagaokaut.ac.jp\01_Research\05_Papers\21_202406_S&F_Golbasi\01_dataset\01_microtremor\202406\B\20240612200000.201.t3w,20240612200000.201,B,B\20240612200000.201.t3w,1,<cv374.t3w.T3WHandler object at 0x0000018B8FAAD6A0>,11,9,37.78727988888889,37.65218238888889,915.8333333333334,26.899999999999995,9,0.96,1.0279619354657585,2.778416247728405
O:\OneDrive - nagaokaut.ac.jp\01_Research\05_Papers\21_202406_S&F_Golbasi\01_dataset\01_microtremor\202406\B\20240612200500.201.t3w,20240612200500.201,B,B\20240612200500.201.t3w,1,<cv374.t3w.T3WHandler object at 0x0000018B8FB623F0>,11,9,37.78727988888889,37.65218238888889,915.8333333333334,26.899999999999995,9,0.96,1.0866180952802076,2.2866956359941013
O:\OneDrive - nagaokaut.ac.jp\01_Research\05_Papers\21_202406_S&F_Golbasi\01_dataset\01_microtremor\202406\B\20240612201000.201.t3w,20240612201000.201,B,B\20240612201000.201.t3w,1,<cv374.t3w.T3WHandler object at 0x0000018B8FA4DF10>,11,9,37.78727988888889,37.65218238888889,915.8333333333334,26.899999999999995,9,0.96,0.8703167353321769,2.726586981295914
O:\OneDrive - nagaokaut.ac.jp\01_Research\05_Papers\21_202406_S&F_Golbasi\01_dataset\01_microtremor\202406\B\20240612203000.201.t3w,20240612203000.201,B,B\20240612203000.201.t3w,1,<cv374.t3w.T3WHandler object at 0x0000018B8FACAB70>,12,10,37.79044022773537,37.65550467430025,897.9969465648855,26.900000000000006,9,0.9,1.056883172510736,3.05182465595173
O:\OneDrive - nagaokaut.ac.jp\01_Research\05_Papers\21_202406_S&F_Golbasi\01_dataset\01_microtremor\202406\B\20240612203500.201.t3w,20240612203500.201,B,B\20240612203500.201.t3w,1,<cv374.t3w.T3WHandler object at 0x0000018B8FB70A70>,12,10,37.79044022773537,37.65550467430025,897.9969465648855,26.900000000000006,9,0.9,1.0279619354657585,2.8309031087017344
O:\OneDrive - nagaokaut.ac.jp\01_Research\05_Papers\21_202406_S&F_Golbasi\01_dataset\01_microtremor\202406\B\20240612204000.201.t3w,20240612204000.201,B,B\20240612204000.201.t3w,1,<cv374.t3w.T3WHandler object at 0x0000018B8FBA49B0>,12,10,37.79044022773537,37.65550467430025,897.9969465648855,26.900000000000006,9,0.9,2.114831293038202,2.61134800469568
O:\OneDrive - nagaokaut.ac.jp\01_Research\05_Papers\21_202406_S&F_Golbasi\01_dataset\01_microtremor\202406\B\20240612204500.201.t3w,20240612204500.201,B,B\20240612204500.201.t3w,1,<cv374.t3w.T3WHandler object at 0x0000018B8FB9A870>,12,10,37.79044022773537,37.65550467430025,897.9969465648855,26.900000000000006,9,0.9,1.214162267445301,2.2556011467384702
O:\OneDrive - nagaokaut.ac.jp\01_Research\05_Papers\21_202406_S&F_Golbasi\01_dataset\01_microtremor\202406\B\20240612205000.201.t3w,20240612205000.201,B,B\20240612205000.201.t3w,1,<cv374.t3w.T3WHandler object at 0x0000018B8FBE8740>,12,10,37.79044022773537,37.65550467430025,897.9969465648855,26.900000000000006,9,0.9,0.8948026970573536,2.532760762976055
O:\OneDrive - nagaokaut.ac.jp\01_Research\05_Papers\21_202406_S&F_Golbasi\01_dataset\01_microtremor\202406\B\20240612205500.201.t3w,20240612205500.201,B,B\20240612205500.201.t3w,1,<cv374.t3w.T3WHandler object at 0x0000018B8FBC2C60>,12,10,37.79044022773537,37.65550467430025,897.9969465648855,26.900000000000006,9,0.9,1.1486212127644655,2.9340579462652503
O:\OneDrive - nagaokaut.ac.jp\01_Research\05_Papers\21_202406_S&F_Golbasi\01_dataset\01_microtremor\202406\B\20240612210000.201.t3w,20240612210000.201,B,B\20240612210000.201.t3w,1,<cv374.t3w.T3WHandler object at 0x0000018B8FC256D0>,12,10,37.79044022773537,37.65550467430025,897.9969465648855,26.900000000000006,9,0.9,1.1809371431731135,2.1123263789059417
O:\OneDrive - nagaokaut.ac.jp\01_Research\05_Papers\21_202406_S&F_Golbasi\01_dataset\01_microtremor\202406\B\20240612210500.201.t3w,20240612210500.201,B,B\20240612210500.201.t3w,1,<cv374.t3w.T3WHandler object at 0x0000018B8FC226F0>,12,10,37.79044022773537,37.65550467430025,897.9969465648855,26.900000000000006,9,0.9,1.248322165332904,2.4270446951002564
O:\OneDrive - nagaokaut.ac.jp\01_Research\05_Papers\21_202406_S&F_Golbasi\01_dataset\01_microtremor\202406\B\20240612211000.201.t3w,20240612211000.201,B,B\20240612211000.201.t3w,1,<cv374.t3w.T3WHandler object at 0x0000018B8FC412B0>,12,10,37.79044022773537,37.65550467430025,897.9969465648855,26.900000000000006,9,0.9,1.7415104285962484,2.231547495103259
O:\OneDrive - nagaokaut.ac.jp\01_Research\05_Papers\21_202406_S&F_Golbasi\01_dataset\01_microtremor\202406\B\20240612213500.201.t3w,20240612213500.201,B,B\20240612213500.201.t3w,1,<cv374.t3w.T3WHandler object at 0x0000018B8FB94E30>,13,11,37.78717231481481,37.655027851851855,923.7222222222222,26.9,9,0.88,0.9199775600724472,2.3507648846198532
O:\OneDrive - nagaokaut.ac.jp\01_Research\05_Papers\21_202406_S&F_Golbasi\01_dataset\01_microtremor\202406\B\20240612214000.201.t3w,20240612214000.201,B,B\20240612214000.201.t3w,1,<cv374.t3w.T3WHandler object at 0x0000018B8FC76750>,13,11,37.78717231481481,37.655027851851855,923.7222222222222,26.9,9,0.88,0.8703167353321769,2.6158933034308296
O:\OneDrive - nagaokaut.ac.jp\01_Research\05_Papers\21_202406_S&F_Golbasi\01_dataset\01_microtremor\202406\B\20240612214500.201.t3w,20240612214500.201,B,B\20240612214500.201.t3w,1,<cv374.t3w.T3WHandler object at 0x0000018B8FC4CC20>,13,11,37.78717231481481,37.655027851851855,923.7222222222222,26.9,9,0.88,0.9458607062989269,2.603297816322786
O:\OneDrive - nagaokaut.ac.jp\01_Research\05_Papers\21_202406_S&F_Golbasi\01_dataset\01_microtremor\202406\B\20240612215000.201.t3w,20240612215000.201,B,B\20240612215000.201.t3w,1,<cv374.t3w.T3WHandler object at 0x0000018B8FC2BEF0>,13,11,37.78717231481481,37.655027851851855,923.7222222222222,26.9,9,0.88,0.9724720629597227,2.540560955938125
O:\OneDrive - nagaokaut.ac.jp\01_Research\05_Papers\21_202406_S&F_Golbasi\01_dataset\01_microtremor\202406\B\20240612215500.201.t3w,20240612215500.201,B,B\20240612215500.201.t3w,1,<cv374.t3w.T3WHandler object at 0x0000018B8FCAC800>,13,11,37.78717231481481,37.655027851851855,923.7222222222222,26.9,9,0.88,0.9199775600724472,2.4512288127940396
O:\OneDrive - nagaokaut.ac.jp\01_Research\05_Papers\21_202406_S&F_Golbasi\01_dataset\01_microtremor\202406\B\20240612220000.201.t3w,20240612220000.201,B,B\20240612220000.201.t3w,1,<cv374.t3w.T3WHandler object at 0x0000018B8FC9C110>,13,11,37.78717231481481,37.655027851851855,923.7222222222222,26.9,9,0.88,0.9998321179210313,2.319308174488543
O:\OneDrive - nagaokaut.ac.jp\01_Research\05_Papers\21_202406_S&F_Golbasi\01_dataset\01_microtremor\202406\B\20240612220500.201.t3w,20240612220500.201,B,B\20240612220500.201.t3w,1,<cv374.t3w.T3WHandler object at 0x0000018B8FD16090>,13,11,37.78717231481481,37.655027851851855,923.7222222222222,26.9,9,0.88,0.9199775600724472,2.4171239468899417
O:\OneDrive - nagaokaut.ac.jp\01_Research\05_Papers\21_202406_S&F_Golbasi\01_dataset\01_microtremor\202406\B\20240612221000.201.t3w,20240612221000.201,B,B\20240612221000.201.t3w,1,<cv374.t3w.T3WHandler object at 0x0000018B8FCD6A80>,13,11,37.78717231481481,37.655027851851855,923.7222222222222,26.9,9,0.88,1.0866180952802076,2.044102898957493
O:\OneDrive - nagaokaut.ac.jp\01_Research\05_Papers\21_202406_S&F_Golbasi\01_dataset\01_microtremor\202406\B\20240613155500.201.t3w,20240613155500.201,B,B\20240613155500.201.t3w,1,<cv374.t3w.T3WHandler object at 0x0000018B8FD09580>,14,12,37.78488619666667,37.63892384333334,912.034,26.900000000000006,11,0.7800000000000001,0.8465008233549265,2.443722935951006
O:\OneDrive - nagaokaut.ac.jp\01_Research\05_Papers\21_202406_S&F_Golbasi\01_dataset\01_microtremor\202406\B\20240613160000.201.t3w,20240613160000.201,B,B\20240613160000.201.t3w,1,<cv374.t3w.T3WHandler object at 0x0000018B8FD10200>,14,12,37.78488619666667,37.63892384333334,912.034,26.900000000000006,11,0.7800000000000001,0.20562690816598647,2.614431270857634
O:\OneDrive - nagaokaut.ac.jp\01_Research\05_Papers\21_202406_S&F_Golbasi\01_dataset\01_microtremor\202406\B\20240613160500.201.t3w,20240613160500.201,B,B\20240613160500.201.t3w,1,<cv374.t3w.T3WHandler object at 0x0000018B8FD03110>,14,12,37.78488619666667,37.63892384333334,912.034,26.900000000000006,11,0.7800000000000001,0.20562690816598647,3.4302870112779007
O:\OneDrive - nagaokaut.ac.jp\01_Research\05_Papers\21_202406_S&F_Golbasi\01_dataset\01_microtremor\202406\B\20240613161000.201.t3w,20240613161000.201,B,B\20240613161000.201.t3w,1,<cv374.t3w.T3WHandler object at 0x0000018B8FCFA9C0>,14,12,37.78488619666667,37.63892384333334,912.034,26.900000000000006,11,0.7800000000000001,0.33882780451538586,3.494570337082815
O:\OneDrive - nagaokaut.ac.jp\01_Research\05_Papers\21_202406_S&F_Golbasi\01_dataset\01_microtremor\202406\B\20240613161500.201.t3w,20240613161500.201,B,B\20240613161500.201.t3w,1,<cv374.t3w.T3WHandler object at 0x0000018B8FCF0BC0>,14,12,37.78488619666667,37.63892384333334,912.034,26.900000000000006,11,0.7800000000000001,0.3892501518655177,3.8449996085226736
O:\OneDrive - nagaokaut.ac.jp\01_Research\05_Papers\21_202406_S&F_Golbasi\01_dataset\01_microtremor\202406\B\20240613162000.201.t3w,20240613162000.201,B,B\20240613162000.201.t3w,1,<cv374.t3w.T3WHandler object at 0x0000018B8FCF40B0>,14,12,37.78488619666667,37.63892384333334,912.034,26.900000000000006,11,0.7800000000000001,0.37859845808828346,4.587185857047347
O:\OneDrive - nagaokaut.ac.jp\01_Research\05_Papers\21_202406_S&F_Golbasi\01_dataset\01_microtremor\202406\B\20240613162500.201.t3w,20240613162500.201,B,B\20240613162500.201.t3w,1,<cv374.t3w.T3WHandler object at 0x0000018B8FCE7FB0>,14,12,37.78488619666667,37.63892384333334,912.034,26.900000000000006,11,0.7800000000000001,0.33882780451538586,3.5489471912689092
O:\OneDrive - nagaokaut.ac.jp\01_Research\05_Papers\21_202406_S&F_Golbasi\01_dataset\01_microtremor\202406\B\20240613163000.201.t3w,20240613163000.201,B,B\20240613163000.201.t3w,1,<cv374.t3w.T3WHandler object at 0x0000018B8FD22060>,14,12,37.78488619666667,37.63892384333334,912.034,26.900000000000006,11,0.7800000000000001,0.2713810030832927,4.359114720279847
O:\OneDrive - nagaokaut.ac.jp\01_Research\05_Papers\21_202406_S&F_Golbasi\01_dataset\01_microtremor\202406\B\20240613163500.201.t3w,20240613163500.201,B,B\20240613163500.201.t3w,1,<cv374.t3w.T3WHandler object at 0x0000018B8FCDC410>,14,12,37.78488619666667,37.63892384333334,912.034,26.900000000000006,11,0.7800000000000001,0.36823824417247053,3.248617804958249
O:\OneDrive - nagaokaut.ac.jp\01_Research\05_Papers\21_202406_S&F_Golbasi\01_dataset\01_microtremor\202406\B\20240613170000.201.t3w,20240613170000.201,B,B\20240613170000.201.t3w,1,<cv374.t3w.T3WHandler object at 0x0000018B8FCE0740>,-1,13,37.787711,37.643589,,,,,0.6413984217348169,3.567210298605521
O:\OneDrive - nagaokaut.ac.jp\01_Research\05_Papers\21_202406_S&F_Golbasi\01_dataset\01_microtremor\202406\B\20240613170500.201.t3w,20240613170500.201,B,B\20240613170500.201.t3w,1,<cv374.t3w.T3WHandler object at 0x0000018B8FD26D80>,-1,13,37.787711,37.643589,,,,,0.8008063076888998,2.9871339832925043
O:\OneDrive - nagaokaut.ac.jp\01_Research\05_Papers\21_202406_S&F_Golbasi\01_dataset\01_microtremor\202406\B\20240613171000.201.t3w,20240613171000.201,B,B\20240613171000.201.t3w,1,<cv374.t3w.T3WHandler object at 0x0000018B8FD39C70>,-1,13,37.787711,37.643589,,,,,1.0279619354657585,2.7616132507774345
O:\OneDrive - nagaokaut.ac.jp\01_Research\05_Papers\21_202406_S&F_Golbasi\01_dataset\01_microtremor\202406\B\20240613171500.201.t3w,20240613171500.201,B,B\20240613171500.201.t3w,1,<cv374.t3w.T3WHandler object at 0x0000018B8FD2E0C0>,-1,13,37.787711,37.643589,,,,,0.2868661751876924,2.8334185912123795
O:\OneDrive - nagaokaut.ac.jp\01_Research\05_Papers\21_202406_S&F_Golbasi\01_dataset\01_microtremor\202406\B\20240613172000.201.t3w,20240613172000.201,B,B\20240613172000.201.t3w,1,<cv374.t3w.T3WHandler object at 0x0000018B8FD34B00>,-1,13,37.787711,37.643589,,,,,0.4349392385837192,4.174876647684213
O:\OneDrive - nagaokaut.ac.jp\01_Research\05_Papers\21_202406_S&F_Golbasi\01_dataset\01_microtremor\202406\B\20240613172500.201.t3w,20240613172500.201,B,B\20240613172500.201.t3w,1,<cv374.t3w.T3WHandler object at 0x0000018B8FD41F10>,-1,13,37.787711,37.643589,,,,,0.35816153387398175,2.6342241063892526
O:\OneDrive - nagaokaut.ac.jp\01_Research\05_Papers\21_202406_S&F_Golbasi\01_dataset\01_microtremor\202406\B\20240613173000.201.t3w,20240613173000.201,B,B\20240613173000.201.t3w,1,<cv374.t3w.T3WHandler object at 0x0000018B8FD49400>,-1,13,37.787711,37.643589,,,,,2.86962518828322,2.8766308676659373
O:\OneDrive - nagaokaut.ac.jp\01_Research\05_Papers\21_202406_S&F_Golbasi\01_dataset\01_microtremor\202406\B\20240613174500.201.t3w,20240613174500.201,B,B\20240613174500.201.t3w,1,<cv374.t3w.T3WHandler object at 0x0000018B8FD4E540>,15,14,37.788094612724755,37.64322400345782,896.3900414937759,26.89999999999999,10,0.8100000000000004,0.33882780451538586,2.1622368154778715
O:\OneDrive - nagaokaut.ac.jp\01_Research\05_Papers\21_202406_S&F_Golbasi\01_dataset\01_microtremor\202406\B\20240613175000.201.t3w,20240613175000.201,B,B\20240613175000.201.t3w,1,<cv374.t3w.T3WHandler object at 0x0000018B8FD5B050>,15,14,37.788094612724755,37.64322400345782,896.3900414937759,26.89999999999999,10,0.8100000000000004,0.256731727908693,2.2692301457987787
O:\OneDrive - nagaokaut.ac.jp\01_Research\05_Papers\21_202406_S&F_Golbasi\01_dataset\01_microtremor\202406\B\20240613175500.201.t3w,20240613175500.201,B,B\20240613175500.201.t3w,1,<cv374.t3w.T3WHandler object at 0x0000018B8FD5E000>,15,14,37.788094612724755,37.64322400345782,896.3900414937759,26.89999999999999,10,0.8100000000000004,0.2173601099231803,2.3743033308173964
O:\OneDrive - nagaokaut.ac.jp\01_Research\05_Papers\21_202406_S&F_Golbasi\01_dataset\01_microtremor\202406\B\20240613180000.201.t3w,20240613180000.201,B,B\20240613180000.201.t3w,1,<cv374.t3w.T3WHandler object at 0x0000018B8FD6C0E0>,15,14,37.788094612724755,37.64322400345782,896.3900414937759,26.89999999999999,10,0.8100000000000004,1.1171895964484122,2.6790647128439855
O:\OneDrive - nagaokaut.ac.jp\01_Research\05_Papers\21_202406_S&F_Golbasi\01_dataset\01_microtremor\202406\B\20240613180500.201.t3w,20240613180500.201,B,B\20240613180500.201.t3w,1,<cv374.t3w.T3WHandler object at 0x0000018B8FD71B20>,15,14,37.788094612724755,37.64322400345782,896.3900414937759,26.89999999999999,10,0.8100000000000004,1.1171895964484122,2.6834371840646236
O:\OneDrive - nagaokaut.ac.jp\01_Research\05_Papers\21_202406_S&F_Golbasi\01_dataset\01_microtremor\202406\B\20240613181000.201.t3w,20240613181000.201,B,B\20240613181000.201.t3w,1,<cv374.t3w.T3WHandler object at 0x0000018B8FD60D10>,15,14,37.788094612724755,37.64322400345782,896.3900414937759,26.89999999999999,10,0.8100000000000004,0.2713810030832927,2.3760333676447645
O:\OneDrive - nagaokaut.ac.jp\01_Research\05_Papers\21_202406_S&F_Golbasi\01_dataset\01_microtremor\202406\B\20240613181500.201.t3w,20240613181500.201,B,B\20240613181500.201.t3w,1,<cv374.t3w.T3WHandler object at 0x0000018B8FD81910>,15,14,37.788094612724755,37.64322400345782,896.3900414937759,26.89999999999999,10,0.8100000000000004,2.298399811618825,1.988556258397682
O:\OneDrive - nagaokaut.ac.jp\01_Research\05_Papers\21_202406_S&F_Golbasi\01_dataset\01_microtremor\202406\B\20240613182000.201.t3w,20240613182000.201,B,B\20240613182000.201.t3w,1,<cv374.t3w.T3WHandler object at 0x0000018B8FD77E90>,15,14,37.788094612724755,37.64322400345782,896.3900414937759,26.89999999999999,10,0.8100000000000004,0.37859845808828346,3.0236841867308977
O:\OneDrive - nagaokaut.ac.jp\01_Research\05_Papers\21_202406_S&F_Golbasi\01_dataset\01_microtremor\202406\B\20240613182500.201.t3w,20240613182500.201,B,B\20240613182500.201.t3w,1,<cv374.t3w.T3WHandler object at 0x0000018B8FD7D100>,15,14,37.788094612724755,37.64322400345782,896.3900414937759,26.89999999999999,10,0.8100000000000004,2.86962518828322,2.5381603195548177
O:\OneDrive - nagaokaut.ac.jp\01_Research\05_Papers\21_202406_S&F_Golbasi\01_dataset\01_microtremor\202406\B\20240613183000.201.t3w,20240613183000.201,B,B\20240613183000.201.t3w,1,<cv374.t3w.T3WHandler object at 0x0000018B8FD8ABD0>,15,14,37.788094612724755,37.64322400345782,896.3900414937759,26.89999999999999,10,0.8100000000000004,3.8938088103469144,2.8443163524896535
O:\OneDrive - nagaokaut.ac.jp\01_Research\05_Papers\21_202406_S&F_Golbasi\01_dataset\01_microtremor\202406\B\20240613191500.201.t3w,20240613191500.201,B,B\20240613191500.201.t3w,1,<cv374.t3w.T3WHandler object at 0x0000018B8FD9ADB0>,16,15,37.78102196794872,37.661486205128206,957.1153846153846,26.899999999999995,10,0.8099999999999999,2.4979021785044235,4.602374642762585
O:\OneDrive - nagaokaut.ac.jp\01_Research\05_Papers\21_202406_S&F_Golbasi\01_dataset\01_microtremor\202406\B\20240613192000.201.t3w,20240613192000.201,B,B\20240613192000.201.t3w,1,<cv374.t3w.T3WHandler object at 0x0000018B8FD91250>,16,15,37.78102196794872,37.661486205128206,957.1153846153846,26.899999999999995,10,0.8099999999999999,3.48477565670609,4.279351528552394
O:\OneDrive - nagaokaut.ac.jp\01_Research\05_Papers\21_202406_S&F_Golbasi\01_dataset\01_microtremor\202406\B\20240613192500.201.t3w,20240613192500.201,B,B\20240613192500.201.t3w,1,<cv374.t3w.T3WHandler object at 0x0000018B8FD94C80>,16,15,37.78102196794872,37.661486205128206,957.1153846153846,26.899999999999995,10,0.8099999999999999,3.582818219702842,3.5110535596379013
O:\OneDrive - nagaokaut.ac.jp\01_Research\05_Papers\21_202406_S&F_Golbasi\01_dataset\01_microtremor\202406\B\20240613193000.201.t3w,20240613193000.201,B,B\20240613193000.201.t3w,1,<cv374.t3w.T3WHandler object at 0x0000018B8FE09D00>,16,15,37.78102196794872,37.661486205128206,957.1153846153846,26.899999999999995,10,0.8099999999999999,3.2966658150560253,3.974171552632406
O:\OneDrive - nagaokaut.ac.jp\01_Research\05_Papers\21_202406_S&F_Golbasi\01_dataset\01_microtremor\202406\B\20240613193500.201.t3w,20240613193500.201,B,B\20240613193500.201.t3w,1,<cv374.t3w.T3WHandler object at 0x0000018B8FE09970>,16,15,37.78102196794872,37.661486205128206,957.1153846153846,26.899999999999995,10,0.8099999999999999,2.4979021785044235,4.121992337763132
O:\OneDrive - nagaokaut.ac.jp\01_Research\05_Papers\21_202406_S&F_Golbasi\01_dataset\01_microtremor\202406\B\20240613194000.201.t3w,20240613194000.201,B,B\20240613194000.201.t3w,1,<cv374.t3w.T3WHandler object at 0x0000018B8FE0A450>,16,15,37.78102196794872,37.661486205128206,957.1153846153846,26.899999999999995,10,0.8099999999999999,4.4732623786015235,6.398747097080805
O:\OneDrive - nagaokaut.ac.jp\01_Research\05_Papers\21_202406_S&F_Golbasi\01_dataset\01_microtremor\202406\B\20240613194500.201.t3w,20240613194500.201,B,B\20240613194500.201.t3w,1,<cv374.t3w.T3WHandler object at 0x0000018B8F838EC0>,16,15,37.78102196794872,37.661486205128206,957.1153846153846,26.899999999999995,10,0.8099999999999999,,
O:\OneDrive - nagaokaut.ac.jp\01_Research\05_Papers\21_202406_S&F_Golbasi\01_dataset\01_microtremor\202406\B\20240613195000.201.t3w,20240613195000.201,B,B\20240613195000.201.t3w,1,<cv374.t3w.T3WHandler object at 0x0000018B8F839EB0>,16,15,37.78102196794872,37.661486205128206,957.1153846153846,26.899999999999995,10,0.8099999999999999,,
O:\OneDrive - nagaokaut.ac.jp\01_Research\05_Papers\21_202406_S&F_Golbasi\01_dataset\01_microtremor\202406\B\20240613203500.201.t3w,20240613203500.201,B,B\20240613203500.201.t3w,1,<cv374.t3w.T3WHandler object at 0x0000018B8F83A540>,17,16,37.783921126262626,37.66066515656565,961.9787878787879,26.900000000000006,8,1,3.389415994032362,2.822008930520024
O:\OneDrive - nagaokaut.ac.jp\01_Research\05_Papers\21_202406_S&F_Golbasi\01_dataset\01_microtremor\202406\B\20240613204000.201.t3w,20240613204000.201,B,B\20240613204000.201.t3w,1,<cv374.t3w.T3WHandler object at 0x0000018B8FAABB90>,17,16,37.783921126262626,37.66066515656565,961.9787878787879,26.900000000000006,8,1,5.58501020168179,4.352381515239304
O:\OneDrive - nagaokaut.ac.jp\01_Research\05_Papers\21_202406_S&F_Golbasi\01_dataset\01_microtremor\202406\B\20240613204500.201.t3w,20240613204500.201,B,B\20240613204500.201.t3w,1,<cv374.t3w.T3WHandler object at 0x0000018B8FAAA2D0>,17,16,37.783921126262626,37.66066515656565,961.9787878787879,26.900000000000006,8,1,3.7872560989962922,3.732016127734351
O:\OneDrive - nagaokaut.ac.jp\01_Research\05_Papers\21_202406_S&F_Golbasi\01_dataset\01_microtremor\202406\B\20240613205000.201.t3w,20240613205000.201,B,B\20240613205000.201.t3w,1,<cv374.t3w.T3WHandler object at 0x0000018B8FAA9340>,17,16,37.783921126262626,37.66066515656565,961.9787878787879,26.900000000000006,8,1,3.2966658150560253,3.146796951055606
O:\OneDrive - nagaokaut.ac.jp\01_Research\05_Papers\21_202406_S&F_Golbasi\01_dataset\01_microtremor\202406\B\20240613205500.201.t3w,20240613205500.201,B,B\20240613205500.201.t3w,1,<cv374.t3w.T3WHandler object at 0x0000018B8FB333B0>,17,16,37.783921126262626,37.66066515656565,961.9787878787879,26.900000000000006,8,1,3.7872560989962922,4.178063958268975
O:\OneDrive - nagaokaut.ac.jp\01_Research\05_Papers\21_202406_S&F_Golbasi\01_dataset\01_microtremor\202406\B\20240613210000.201.t3w,20240613210000.201,B,B\20240613210000.201.t3w,1,<cv374.t3w.T3WHandler object at 0x0000018B8FB33EC0>,17,16,37.783921126262626,37.66066515656565,961.9787878787879,26.900000000000006,8,1,5.138946795394658,4.243207059961378
O:\OneDrive - nagaokaut.ac.jp\01_Research\05_Papers\21_202406_S&F_Golbasi\01_dataset\01_microtremor\202406\B\20240613210500.201.t3w,20240613210500.201,B,B\20240613210500.201.t3w,1,<cv374.t3w.T3WHandler object at 0x0000018B8FB30050>,17,16,37.783921126262626,37.66066515656565,961.9787878787879,26.900000000000006,8,1,5.903694424951931,3.3327540226022285
O:\OneDrive - nagaokaut.ac.jp\01_Research\05_Papers\21_202406_S&F_Golbasi\01_dataset\01_microtremor\202406\B\20240613214000.201.t3w,20240613214000.201,B,B\20240613214000.201.t3w,1,<cv374.t3w.T3WHandler object at 0x0000018B8FCEA9F0>,18,17,37.785371745954684,37.65957053883495,953.0349515,26.900000000000002,9,0.9899999999999997,8.467851195814319,2.1026427517211412
O:\OneDrive - nagaokaut.ac.jp\01_Research\05_Papers\21_202406_S&F_Golbasi\01_dataset\01_microtremor\202406\B\20240613214500.201.t3w,20240613214500.201,B,B\20240613214500.201.t3w,1,<cv374.t3w.T3WHandler object at 0x0000018B8FCEA630>,18,17,37.785371745954684,37.65957053883495,953.0349515,26.900000000000002,9,0.9899999999999997,8.467851195814319,2.2021340365684696
O:\OneDrive - nagaokaut.ac.jp\01_Research\05_Papers\21_202406_S&F_Golbasi\01_dataset\01_microtremor\202406\B\20240613215000.201.t3w,20240613215000.201,B,B\20240613215000.201.t3w,1,<cv374.t3w.T3WHandler object at 0x0000018B8FCEB740>,18,17,37.785371745954684,37.65957053883495,953.0349515,26.900000000000002,9,0.9899999999999997,3.48477565670609,2.1720568891195673
O:\OneDrive - nagaokaut.ac.jp\01_Research\05_Papers\21_202406_S&F_Golbasi\01_dataset\01_microtremor\202406\B\20240613215500.201.t3w,20240613215500.201,B,B\20240613215500.201.t3w,1,<cv374.t3w.T3WHandler object at 0x0000018B8FCE9A00>,18,17,37.785371745954684,37.65957053883495,953.0349515,26.900000000000002,9,0.9899999999999997,11.81333759412911,1.986396033851421
O:\OneDrive - nagaokaut.ac.jp\01_Research\05_Papers\21_202406_S&F_Golbasi\01_dataset\01_microtremor\202406\B\20240613220000.201.t3w,20240613220000.201,B,B\20240613220000.201.t3w,1,<cv374.t3w.T3WHandler object at 0x0000018B8FD6A0C0>,18,17,37.785371745954684,37.65957053883495,953.0349515,26.900000000000002,9,0.9899999999999997,1.1171895964484122,2.3331780997027076
O:\OneDrive - nagaokaut.ac.jp\01_Research\05_Papers\21_202406_S&F_Golbasi\01_dataset\01_microtremor\202406\B\20240613220500.201.t3w,20240613220500.201,B,B\20240613220500.201.t3w,1,<cv374.t3w.T3WHandler object at 0x0000018B8FD69E20>,18,17,37.785371745954684,37.65957053883495,953.0349515,26.900000000000002,9,0.9899999999999997,1.1486212127644655,2.2468129601534876
O:\OneDrive - nagaokaut.ac.jp\01_Research\05_Papers\21_202406_S&F_Golbasi\01_dataset\01_microtremor\202406\B\20240613221000.201.t3w,20240613221000.201,B,B\20240613221000.201.t3w,1,<cv374.t3w.T3WHandler object at 0x0000018B8FD6BE00>,18,17,37.785371745954684,37.65957053883495,953.0349515,26.900000000000002,9,0.9899999999999997,2.714721460485365,1.9596014261911234
O:\OneDrive - nagaokaut.ac.jp\01_Research\05_Papers\21_202406_S&F_Golbasi\01_dataset\01_microtremor\202406\B\20240613224000.201.t3w,20240613224000.201,B,B\20240613224000.201.t3w,1,<cv374.t3w.T3WHandler object at 0x0000018B8FDEB860>,19,18,37.78709192592593,37.65309924074074,902.0555555555555,26.9,10,0.79,1.056883172510736,3.117682843506833
O:\OneDrive - nagaokaut.ac.jp\01_Research\05_Papers\21_202406_S&F_Golbasi\01_dataset\01_microtremor\202406\B\20240613224500.201.t3w,20240613224500.201,B,B\20240613224500.201.t3w,1,<cv374.t3w.T3WHandler object at 0x0000018B8FDEA690>,19,18,37.78709192592593,37.65309924074074,902.0555555555555,26.9,10,0.79,1.0279619354657585,2.960858552719291
O:\OneDrive - nagaokaut.ac.jp\01_Research\05_Papers\21_202406_S&F_Golbasi\01_dataset\01_microtremor\202406\B\20240613225000.201.t3w,20240613225000.201,B,B\20240613225000.201.t3w,1,<cv374.t3w.T3WHandler object at 0x0000018B8FDE9010>,19,18,37.78709192592593,37.65309924074074,902.0555555555555,26.9,10,0.79,1.0279619354657585,2.8956026516259015
O:\OneDrive - nagaokaut.ac.jp\01_Research\05_Papers\21_202406_S&F_Golbasi\01_dataset\01_microtremor\202406\B\20240613225500.201.t3w,20240613225500.201,B,B\20240613225500.201.t3w,1,<cv374.t3w.T3WHandler object at 0x0000018B8FDDA0F0>,19,18,37.78709192592593,37.65309924074074,902.0555555555555,26.9,10,0.79,1.0866180952802076,2.4846440214563854
O:\OneDrive - nagaokaut.ac.jp\01_Research\05_Papers\21_202406_S&F_Golbasi\01_dataset\01_microtremor\202406\B\20240613230000.201.t3w,20240613230000.201,B,B\20240613230000.201.t3w,1,<cv374.t3w.T3WHandler object at 0x0000018B8FDD83B0>,19,18,37.78709192592593,37.65309924074074,902.0555555555555,26.9,10,0.79,1.0866180952802076,2.4943708704765477
O:\OneDrive - nagaokaut.ac.jp\01_Research\05_Papers\21_202406_S&F_Golbasi\01_dataset\01_microtremor\202406\B\20240613230500.201.t3w,20240613230500.201,B,B\20240613230500.201.t3w,1,<cv374.t3w.T3WHandler object at 0x0000018B8FDDB770>,19,18,37.78709192592593,37.65309924074074,902.0555555555555,26.9,10,0.79,1.0866180952802076,2.904455216075999
O:\OneDrive - nagaokaut.ac.jp\01_Research\05_Papers\21_202406_S&F_Golbasi\01_dataset\01_microtremor\202406\B\20240613231000.201.t3w,20240613231000.201,B,B\20240613231000.201.t3w,1,<cv374.t3w.T3WHandler object at 0x0000018B8FDC5580>,19,18,37.78709192592593,37.65309924074074,902.0555555555555,26.9,10,0.79,1.0866180952802076,2.738462372471087
O:\OneDrive - nagaokaut.ac.jp\01_Research\05_Papers\21_202406_S&F_Golbasi\01_dataset\01_microtremor\202406\C\20240612163000.201.t3w,20240612163000.201,C,C\20240612163000.201.t3w,2,<cv374.t3w.T3WHandler object at 0x0000018B8FDC6570>,20,19,37.79112219225968,37.64452977,893.8687265917604,27,11,0.72,0.20562690816598647,5.242764446270429
O:\OneDrive - nagaokaut.ac.jp\01_Research\05_Papers\21_202406_S&F_Golbasi\01_dataset\01_microtremor\202406\C\20240612163500.201.t3w,20240612163500.201,C,C\20240612163500.201.t3w,2,<cv374.t3w.T3WHandler object at 0x0000018B8FDC4EF0>,20,19,37.79112219225968,37.64452977,893.8687265917604,27,11,0.72,0.3295559005749158,3.053895000231681
O:\OneDrive - nagaokaut.ac.jp\01_Research\05_Papers\21_202406_S&F_Golbasi\01_dataset\01_microtremor\202406\C\20240612164000.201.t3w,20240612164000.201,C,C\20240612164000.201.t3w,2,<cv374.t3w.T3WHandler object at 0x0000018B8FE044D0>,20,19,37.79112219225968,37.64452977,893.8687265917604,27,11,0.72,0.36823824417247053,2.4517996466681735
O:\OneDrive - nagaokaut.ac.jp\01_Research\05_Papers\21_202406_S&F_Golbasi\01_dataset\01_microtremor\202406\C\20240612164500.201.t3w,20240612164500.201,C,C\20240612164500.201.t3w,2,<cv374.t3w.T3WHandler object at 0x0000018B8FE05220>,20,19,37.79112219225968,37.64452977,893.8687265917604,27,11,0.72,1.1809371431731135,2.1335184905712508
O:\OneDrive - nagaokaut.ac.jp\01_Research\05_Papers\21_202406_S&F_Golbasi\01_dataset\01_microtremor\202406\C\20240612165000.201.t3w,20240612165000.201,C,C\20240612165000.201.t3w,2,<cv374.t3w.T3WHandler object at 0x0000018B8FE05040>,20,19,37.79112219225968,37.64452977,893.8687265917604,27,11,0.72,1.214162267445301,2.025297030061777
O:\OneDrive - nagaokaut.ac.jp\01_Research\05_Papers\21_202406_S&F_Golbasi\01_dataset\01_microtremor\202406\C\20240612165500.201.t3w,20240612165500.201,C,C\20240612165500.201.t3w,2,<cv374.t3w.T3WHandler object at 0x0000018B8FE26C30>,20,19,37.79112219225968,37.64452977,893.8687265917604,27,11,0.72,1.5585698844138434,2.820933570500604
O:\OneDrive - nagaokaut.ac.jp\01_Research\05_Papers\21_202406_S&F_Golbasi\01_dataset\01_microtremor\202406\C\20240612170000.201.t3w,20240612170000.201,C,C\20240612170000.201.t3w,2,<cv374.t3w.T3WHandler object at 0x0000018B8FE27740>,20,19,37.79112219225968,37.64452977,893.8687265917604,27,11,0.72,1.434090077489081,2.414638755365469
O:\OneDrive - nagaokaut.ac.jp\01_Research\05_Papers\21_202406_S&F_Golbasi\01_dataset\01_microtremor\202406\C\20240612170500.201.t3w,20240612170500.201,C,C\20240612170500.201.t3w,2,<cv374.t3w.T3WHandler object at 0x0000018B8FE243E0>,20,19,37.79112219225968,37.64452977,893.8687265917604,27,11,0.72,1.3948467058907026,2.5986014832033537
O:\OneDrive - nagaokaut.ac.jp\01_Research\05_Papers\21_202406_S&F_Golbasi\01_dataset\01_microtremor\202406\C\20240612174000.201.t3w,20240612174000.201,C,C\20240612174000.201.t3w,2,<cv374.t3w.T3WHandler object at 0x0000018B8FE226F0>,21,20,37.788126725988704,37.648199539548024,911.4355932203389,26.900000000000006,9.966101694915254,0.9500000000000002,1.1486212127644655,2.0145259778663616
O:\OneDrive - nagaokaut.ac.jp\01_Research\05_Papers\21_202406_S&F_Golbasi\01_dataset\01_microtremor\202406\C\20240612174500.201.t3w,20240612174500.201,C,C\20240612174500.201.t3w,2,<cv374.t3w.T3WHandler object at 0x0000018B8FE21EB0>,21,20,37.788126725988704,37.648199539548024,911.4355932203389,26.900000000000006,9.966101694915254,0.9500000000000002,1.0866180952802076,2.7567423049851065
O:\OneDrive - nagaokaut.ac.jp\01_Research\05_Papers\21_202406_S&F_Golbasi\01_dataset\01_microtremor\202406\C\20240612175000.201.t3w,20240612175000.201,C,C\20240612175000.201.t3w,2,<cv374.t3w.T3WHandler object at 0x0000018B8FE21C70>,21,20,37.788126725988704,37.648199539548024,911.4355932203389,26.900000000000006,9.966101694915254,0.9500000000000002,0.8703167353321769,3.369070601891958
O:\OneDrive - nagaokaut.ac.jp\01_Research\05_Papers\21_202406_S&F_Golbasi\01_dataset\01_microtremor\202406\C\20240612175500.201.t3w,20240612175500.201,C,C\20240612175500.201.t3w,2,<cv374.t3w.T3WHandler object at 0x0000018B8FE21940>,21,20,37.788126725988704,37.648199539548024,911.4355932203389,26.900000000000006,9.966101694915254,0.9500000000000002,1.214162267445301,3.449587174078537
O:\OneDrive - nagaokaut.ac.jp\01_Research\05_Papers\21_202406_S&F_Golbasi\01_dataset\01_microtremor\202406\C\20240612180000.201.t3w,20240612180000.201,C,C\20240612180000.201.t3w,2,<cv374.t3w.T3WHandler object at 0x0000018B8FE1C980>,21,20,37.788126725988704,37.648199539548024,911.4355932203389,26.900000000000006,9.966101694915254,0.9500000000000002,1.1171895964484122,3.4246712950031433
O:\OneDrive - nagaokaut.ac.jp\01_Research\05_Papers\21_202406_S&F_Golbasi\01_dataset\01_microtremor\202406\C\20240612180500.201.t3w,20240612180500.201,C,C\20240612180500.201.t3w,2,<cv374.t3w.T3WHandler object at 0x0000018B8FE1ED50>,21,20,37.788126725988704,37.648199539548024,911.4355932203389,26.900000000000006,9.966101694915254,0.9500000000000002,0.9724720629597227,3.941704230335137
O:\OneDrive - nagaokaut.ac.jp\01_Research\05_Papers\21_202406_S&F_Golbasi\01_dataset\01_microtremor\202406\C\20240613233500.201.t3w,20240613233500.201,C,C\20240613233500.201.t3w,2,<cv374.t3w.T3WHandler object at 0x0000018B8FE1E000>,22,21,37.78747469,37.64315662698413,889.8285714285713,26.899999999999995,8,1.23,0.7368475365345758,2.1833124341884216
O:\OneDrive - nagaokaut.ac.jp\01_Research\05_Papers\21_202406_S&F_Golbasi\01_dataset\01_microtremor\202406\C\20240613234000.201.t3w,20240613234000.201,C,C\20240613234000.201.t3w,2,<cv374.t3w.T3WHandler object at 0x0000018B8FE170E0>,22,21,37.78747469,37.64315662698413,889.8285714285713,26.899999999999995,8,1.23,0.9998321179210313,2.381215541484506
O:\OneDrive - nagaokaut.ac.jp\01_Research\05_Papers\21_202406_S&F_Golbasi\01_dataset\01_microtremor\202406\C\20240613234500.201.t3w,20240613234500.201,C,C\20240613234500.201.t3w,2,<cv374.t3w.T3WHandler object at 0x0000018B8FE14890>,22,21,37.78747469,37.64315662698413,889.8285714285713,26.899999999999995,8,1.23,0.9199775600724472,2.570304618547521
O:\OneDrive - nagaokaut.ac.jp\01_Research\05_Papers\21_202406_S&F_Golbasi\01_dataset\01_microtremor\202406\C\20240613235000.201.t3w,20240613235000.201,C,C\20240613235000.201.t3w,2,<cv374.t3w.T3WHandler object at 0x0000018B8FE14AD0>,22,21,37.78747469,37.64315662698413,889.8285714285713,26.899999999999995,8,1.23,1.0279619354657585,1.8565357948408612
O:\OneDrive - nagaokaut.ac.jp\01_Research\05_Papers\21_202406_S&F_Golbasi\01_dataset\01_microtremor\202406\C\20240613235500.201.t3w,20240613235500.201,C,C\20240613235500.201.t3w,2,<cv374.t3w.T3WHandler object at 0x0000018B8FE12900>,22,21,37.78747469,37.64315662698413,889.8285714285713,26.899999999999995,8,1.23,1.0279619354657585,1.8908448683974797
O:\OneDrive - nagaokaut.ac.jp\01_Research\05_Papers\21_202406_S&F_Golbasi\01_dataset\01_microtremor\202406\C\20240614000000.201.t3w,20240614000000.201,C,C\20240614000000.201.t3w,2,<cv374.t3w.T3WHandler object at 0x0000018B8FE11130>,23,21,37.78748224242424,37.643162833333335,892.6818181818184,26.90000000000001,10,0.9500000000000003,0.9458607062989269,2.144924492534759
O:\OneDrive - nagaokaut.ac.jp\01_Research\05_Papers\21_202406_S&F_Golbasi\01_dataset\01_microtremor\202406\C\20240614000500.201.t3w,20240614000500.201,C,C\20240614000500.201.t3w,2,<cv374.t3w.T3WHandler object at 0x0000018B8FE13F80>,23,21,37.78748224242424,37.643162833333335,892.6818181818184,26.90000000000001,10,0.9500000000000003,1.248322165332904,2.11371402792788
O:\OneDrive - nagaokaut.ac.jp\01_Research\05_Papers\21_202406_S&F_Golbasi\01_dataset\01_microtremor\202406\C\20240614001000.201.t3w,20240614001000.201,C,C\20240614001000.201.t3w,2,<cv374.t3w.T3WHandler object at 0x0000018B8FE0D4C0>,23,21,37.78748224242424,37.643162833333335,892.6818181818184,26.90000000000001,10,0.9500000000000003,0.9724720629597227,2.1566265276245957
